"Date","Open","High","Low","Close","Volume","name"
2012-03-13,32.24,32.69,32.15,32.67,48347339,"MSFT"
2012-03-12,31.97,32.2,31.82,32.04,34076755,"MSFT"
2012-03-09,32.1,32.16,31.92,31.99,34628398,"MSFT"
2012-03-08,32.04,32.21,31.9,32.01,36752011,"MSFT"
2012-03-07,31.67,31.92,31.53,31.84,34340619,"MSFT"
2012-03-06,31.54,31.98,31.49,31.56,51938950,"MSFT"
2012-03-05,32.01,32.05,31.62,31.8,45239832,"MSFT"
2012-03-02,32.31,32.44,32,32.08,47318927,"MSFT"
2012-03-01,31.93,32.39,31.85,32.29,77348930,"MSFT"
2012-02-29,31.88,32,31.61,31.74,59326545,"MSFT"
2012-02-28,31.41,31.93,31.38,31.87,45230573,"MSFT"
2012-02-27,31.24,31.5,31.1,31.35,34575391,"MSFT"
2012-02-24,31.48,31.5,31.24,31.48,35577833,"MSFT"
2012-02-23,31.2,31.59,31,31.37,35035609,"MSFT"
2012-02-22,31.45,31.68,31.18,31.27,49253117,"MSFT"
2012-02-21,31.18,31.61,31.15,31.44,50832547,"MSFT"
2012-02-17,31.25,31.25,31.25,31.25,0,"MSFT"
2012-02-16,30.31,31.55,30.3,31.28,94705078,"MSFT"
2012-02-15,30.33,30.39,30.03,30.05,43316117,"MSFT"
2012-02-14,30.33,30.46,29.85,30.25,59662711,"MSFT"
2012-02-13,30.63,30.77,30.43,30.58,33322516,"MSFT"
2012-02-10,30.64,30.8,30.36,30.5,44606751,"MSFT"
2012-02-09,30.68,30.8,30.48,30.77,50481549,"MSFT"
2012-02-08,30.26,30.67,30.22,30.66,49662740,"MSFT"
2012-02-07,30.15,30.48,30.05,30.35,39242529,"MSFT"
2012-02-06,30.04,30.22,29.97,30.2,28040378,"MSFT"
2012-02-03,30.14,30.4,30.09,30.24,41845397,"MSFT"
2012-02-02,29.9,30.17,29.71,29.95,52226255,"MSFT"
2012-02-01,29.79,30.05,29.76,29.89,67413817,"MSFT"
2012-01-31,29.66,29.7,29.23,29.53,50572372,"MSFT"
2012-01-30,28.97,29.62,28.83,29.61,51114661,"MSFT"
2012-01-27,29.45,29.53,29.17,29.23,44190573,"MSFT"
2012-01-26,29.61,29.7,29.4,29.5,49107458,"MSFT"
2012-01-25,29.07,29.65,29.07,29.56,59236267,"MSFT"
2012-01-24,29.47,29.57,29.18,29.34,51711367,"MSFT"
2012-01-23,29.55,29.95,29.35,29.73,76081814,"MSFT"
2012-01-20,28.82,29.74,28.75,29.71,165902897,"MSFT"
2012-01-19,28.16,28.44,28.03,28.12,74053427,"MSFT"
2012-01-18,28.31,28.4,27.97,28.23,64860509,"MSFT"
2012-01-17,28.4,28.65,28.17,28.26,72395252,"MSFT"
2012-01-13,28.25,28.25,28.25,28.25,0,"MSFT"
2012-01-12,27.87,28.02,27.64,28,49375477,"MSFT"
2012-01-11,27.43,27.98,27.37,27.72,65586477,"MSFT"
2012-01-10,27.93,28.15,27.75,27.84,60014333,"MSFT"
2012-01-09,28.05,28.1,27.72,27.74,59708266,"MSFT"
2012-01-06,27.53,28.19,27.52,28.1,99459469,"MSFT"
2012-01-05,27.38,27.73,27.29,27.68,56082205,"MSFT"
2012-01-04,26.82,27.47,26.78,27.4,80519402,"MSFT"
2012-01-03,26.55,26.96,26.39,26.76,64735391,"MSFT"
2011-12-30,25.96,25.96,25.96,25.96,0,"MSFT"
2011-12-29,25.95,26.05,25.86,26.02,22616883,"MSFT"
2011-12-28,25.8,25.8,25.8,25.8,0,"MSFT"
2011-12-27,25.96,26.14,25.93,26.04,21287332,"MSFT"
2011-12-23,26.02,26.02,26.02,26.02,0,"MSFT"
2011-12-22,25.82,25.86,25.48,25.81,35794085,"MSFT"
2011-12-21,26.01,26.19,25.44,25.76,64134140,"MSFT"
2011-12-20,26.04,26.04,26.04,26.04,0,"MSFT"
2011-12-19,26.02,26.12,25.46,25.53,52258284,"MSFT"
2011-12-16,25.67,26.17,25.63,26,101410082,"MSFT"
2011-12-15,25.72,25.88,25.54,25.56,46217486,"MSFT"
2011-12-14,25.72,25.86,25.57,25.59,47927107,"MSFT"
2011-12-13,25.75,26.1,25.65,25.76,54581003,"MSFT"
2011-12-12,25.41,25.57,25.29,25.51,38945867,"MSFT"
2011-12-09,25.52,25.87,25.5,25.7,53790403,"MSFT"
2011-12-08,25.48,25.72,25.37,25.4,60522185,"MSFT"
2011-12-07,25.67,25.76,25.34,25.6,62669835,"MSFT"
2011-12-06,25.81,25.87,25.61,25.66,46175294,"MSFT"
2011-12-05,25.78,25.8,25.5,25.7,56818367,"MSFT"
2011-12-02,25.59,25.62,25.16,25.22,52295245,"MSFT"
2011-12-01,25.56,25.63,25.2,25.28,48545338,"MSFT"
2011-11-30,25.37,25.58,25.14,25.58,81353522,"MSFT"
2011-11-29,24.82,25.04,24.75,24.84,40920907,"MSFT"
2011-11-28,24.94,24.97,24.69,24.87,46771878,"MSFT"
2011-11-25,24.38,24.67,24.3,24.3,26164410,"MSFT"
2011-11-23,24.47,24.47,24.47,24.47,0,"MSFT"
2011-11-22,24.89,24.96,24.65,24.79,49204488,"MSFT"
2011-11-21,25.24,25.25,24.9,25,61882819,"MSFT"
2011-11-18,25.48,25.5,25.15,25.3,47627157,"MSFT"
2011-11-17,26.01,26.04,25.44,25.54,70977495,"MSFT"
2011-11-16,26.47,26.51,26.04,26.07,53262743,"MSFT"
2011-11-15,26.56,26.94,26.4,26.74,43877075,"MSFT"
2011-11-14,26.88,27,26.65,26.76,34199146,"MSFT"
2011-11-11,26.58,27.08,26.57,26.91,37903971,"MSFT"
2011-11-10,26.47,26.5,26.12,26.28,32517281,"MSFT"
2011-11-09,26.59,26.75,26.06,26.2,62950825,"MSFT"
2011-11-08,27.01,27.2,26.68,27.16,47825636,"MSFT"
2011-11-07,26.21,26.82,26.13,26.8,42586043,"MSFT"
2011-11-04,26.38,26.4,26,26.25,36553269,"MSFT"
2011-11-03,26.24,26.58,25.98,26.53,65837011,"MSFT"
2011-11-02,26.1,26.2,25.7,26.01,53536398,"MSFT"
2011-11-01,26.19,26.32,25.86,25.99,61186956,"MSFT"
2011-10-31,26.76,27,26.62,26.63,46798951,"MSFT"
2011-10-28,27.14,27.19,26.79,26.98,57712077,"MSFT"
2011-10-27,27.13,27.4,26.65,27.25,74515622,"MSFT"
2011-10-26,27.03,27.06,26.1,26.59,63029830,"MSFT"
2011-10-25,27.08,27.23,26.72,26.81,53554554,"MSFT"
2011-10-24,27.06,27.4,27.04,27.19,56897791,"MSFT"
2011-10-21,27.15,27.19,26.8,27.16,76620533,"MSFT"
2011-10-20,27.26,27.34,26.4,27.04,76300104,"MSFT"
2011-10-19,27.37,27.47,27.01,27.13,42881648,"MSFT"
2011-10-18,26.94,27.4,26.8,27.31,52491969,"MSFT"
2011-10-17,27.11,27.42,26.85,26.98,39453241,"MSFT"
2011-10-14,27.31,27.5,27.02,27.27,50949439,"MSFT"
2011-10-13,26.76,27.2,26.62,27.18,43830076,"MSFT"
2011-10-12,27.18,27.31,26.9,26.96,52493454,"MSFT"
2011-10-11,26.86,27.07,26.72,27,38826791,"MSFT"
2011-10-10,26.58,26.97,26.47,26.94,41822239,"MSFT"
2011-10-07,26.34,26.51,26.2,26.25,52748451,"MSFT"
2011-10-06,25.9,26.4,25.7,26.34,55113496,"MSFT"
2011-10-05,25.42,26.16,25.16,25.89,94061244,"MSFT"
2011-10-04,24.3,25.39,24.26,25.34,83485396,"MSFT"
2011-10-03,24.72,25.34,24.52,24.53,64596171,"MSFT"
2011-09-30,25.2,25.5,24.88,24.89,54086654,"MSFT"
2011-09-29,25.98,26.17,25.09,25.45,63411976,"MSFT"
2011-09-28,25.93,26.37,25.51,25.58,60740399,"MSFT"
2011-09-27,25.66,25.92,25.45,25.67,55623705,"MSFT"
2011-09-26,25.19,25.52,24.73,25.44,51057571,"MSFT"
2011-09-23,24.9,25.15,24.69,25.06,64769019,"MSFT"
2011-09-22,25.3,25.65,24.6,25.06,96285920,"MSFT"
2011-09-21,27.05,27.06,25.97,25.99,72750701,"MSFT"
2011-09-20,27.31,27.5,26.93,26.98,49211857,"MSFT"
2011-09-19,26.8,27.31,26.6,27.21,52324841,"MSFT"
2011-09-16,27.05,27.27,26.83,27.12,89685212,"MSFT"
2011-09-15,26.73,27.03,26.31,26.99,67809210,"MSFT"
2011-09-14,26.17,26.8,25.89,26.5,66742534,"MSFT"
2011-09-13,25.92,26.18,25.81,26.04,48794446,"MSFT"
2011-09-12,25.44,25.93,25.27,25.89,55047244,"MSFT"
2011-09-09,26,26.18,25.5,25.74,64531339,"MSFT"
2011-09-08,26,26.66,25.95,26.22,65818212,"MSFT"
2011-09-07,25.69,26,25.57,26,41960917,"MSFT"
2011-09-06,25.2,25.59,25.11,25.51,54931986,"MSFT"
2011-09-02,25.78,26,25.66,25.8,43897065,"MSFT"
2011-09-01,26.46,26.86,26.21,26.21,60511548,"MSFT"
2011-08-31,26.29,26.71,26.26,26.6,59301724,"MSFT"
2011-08-30,25.73,26.43,25.7,26.23,57341367,"MSFT"
2011-08-29,25.53,25.86,25.37,25.84,38863136,"MSFT"
2011-08-26,24.51,25.34,24.42,25.25,71959200,"MSFT"
2011-08-25,25.08,25.16,24.5,24.57,48191924,"MSFT"
2011-08-24,24.65,24.93,24.42,24.9,45329610,"MSFT"
2011-08-23,24.03,24.75,24.03,24.72,59671022,"MSFT"
2011-08-22,24.42,24.49,23.79,23.98,54720967,"MSFT"
2011-08-19,24.41,24.62,23.91,24.05,77402319,"MSFT"
2011-08-18,24.57,25.09,24.03,24.67,105715509,"MSFT"
2011-08-17,25.25,25.7,24.93,25.24,50923682,"MSFT"
2011-08-16,25.22,25.59,25.05,25.35,54256723,"MSFT"
2011-08-15,25.24,25.58,25.15,25.51,56529388,"MSFT"
2011-08-12,25.13,25.34,24.65,25.1,64791784,"MSFT"
2011-08-11,24.5,25.38,24.4,25.19,90697205,"MSFT"
2011-08-10,24.95,25.09,24.1,24.2,127819718,"MSFT"
2011-08-09,0,25.62,24.03,25.58,126278864,"MSFT"
2011-08-08,25.02,25.6,24.39,24.48,134257113,"MSFT"
2011-08-05,25.97,26.1,25.23,25.68,112072491,"MSFT"
2011-08-04,26.53,26.87,25.93,25.94,92953765,"MSFT"
2011-08-03,26.64,27,26.48,26.92,64583238,"MSFT"
2011-08-02,26.98,27.45,26.76,26.8,63883018,"MSFT"
2011-08-01,27.51,27.68,26.75,27.27,61846218,"MSFT"
2011-07-29,27.52,27.71,27.26,27.4,104394739,"MSFT"
2011-07-28,27.29,28.07,27.21,27.72,83766901,"MSFT"
2011-07-27,27.88,27.98,27.2,27.33,71492139,"MSFT"
2011-07-26,27.82,28.14,27.78,28.08,74643391,"MSFT"
2011-07-25,27.26,28.09,27.19,27.91,108486590,"MSFT"
2011-07-22,26.86,27.55,26.68,27.53,76380505,"MSFT"
2011-07-21,27.04,27.31,26.65,27.1,81737342,"MSFT"
2011-07-20,27.28,27.35,26.98,27.06,49795352,"MSFT"
2011-07-19,26.81,27.64,26.78,27.54,86730600,"MSFT"
2011-07-18,26.63,26.9,26.26,26.59,44506711,"MSFT"
2011-07-15,26.47,26.93,26.47,26.78,49134401,"MSFT"
2011-07-14,26.62,27.01,26.36,26.47,46385928,"MSFT"
2011-07-13,26.6,26.96,26.51,26.63,40869336,"MSFT"
2011-07-12,26.55,26.79,26.34,26.54,47320989,"MSFT"
2011-07-11,26.62,26.8,26.49,26.63,44000715,"MSFT"
2011-07-08,26.54,26.98,26.51,26.92,58332434,"MSFT"
2011-07-07,26.49,26.88,26.36,26.77,51950943,"MSFT"
2011-07-06,25.97,26.37,25.96,26.33,48748894,"MSFT"
2011-07-05,26.1,26.15,25.9,26.03,37803059,"MSFT"
2011-07-01,26.02,26.02,26.02,26.02,0,"MSFT"
2011-06-30,25.74,26,25.66,26,52536288,"MSFT"
2011-06-29,25.71,25.71,25.36,25.62,66052078,"MSFT"
2011-06-28,25.3,25.92,25.16,25.8,81032018,"MSFT"
2011-06-27,24.23,25.46,24.23,25.2,92044114,"MSFT"
2011-06-24,24.51,24.54,24.19,24.3,101387157,"MSFT"
2011-06-23,24.44,24.65,24.2,24.63,59472060,"MSFT"
2011-06-22,24.6,24.81,24.59,24.65,44290814,"MSFT"
2011-06-21,24.52,24.86,24.4,24.76,49712104,"MSFT"
2011-06-20,24.17,24.66,24.16,24.47,54344045,"MSFT"
2011-06-17,24.22,24.3,23.98,24.26,83352877,"MSFT"
2011-06-16,23.75,24.1,23.65,24,57190388,"MSFT"
2011-06-15,24,24.01,23.67,23.74,49410128,"MSFT"
2011-06-14,24.3,24.45,24.19,24.22,42902699,"MSFT"
2011-06-13,23.79,29.05,23.7,24.04,47574074,"MSFT"
2011-06-10,24.02,24.02,23.69,23.7,49327104,"MSFT"
2011-06-09,24.01,24.04,23.82,23.96,42882262,"MSFT"
2011-06-08,23.9,24.02,23.86,23.94,42206806,"MSFT"
2011-06-07,24.09,24.17,23.9,24.06,41112524,"MSFT"
2011-06-06,23.9,24.25,23.77,24.01,54778670,"MSFT"
2011-06-03,24.05,24.14,23.84,23.9,60697662,"MSFT"
2011-06-02,24.49,24.65,24.18,24.22,51487738,"MSFT"
2011-06-01,24.99,25.1,24.37,24.43,74036467,"MSFT"
2011-05-31,24.96,25.06,24.7,25.01,60196203,"MSFT"
2011-05-27,24.76,24.76,24.76,24.76,0,"MSFT"
2011-05-26,24.35,25.03,24.32,24.67,78016538,"MSFT"
2011-05-25,24.17,24.31,24.16,24.19,34903112,"MSFT"
2011-05-24,24.2,24.29,24.04,24.15,47692976,"MSFT"
2011-05-23,24.21,24.25,24.03,24.17,52703425,"MSFT"
2011-05-20,24.72,24.87,24.44,24.49,45451462,"MSFT"
2011-05-19,24.85,24.88,24.5,24.72,37783590,"MSFT"
2011-05-18,24.53,24.74,24.25,24.69,53931025,"MSFT"
2011-05-17,24.4,24.7,24.27,24.52,82894458,"MSFT"
2011-05-16,24.96,25.07,24.5,24.57,91402408,"MSFT"
2011-05-13,25.28,25.32,24.95,25.03,66819290,"MSFT"
2011-05-12,25.35,25.39,25.1,25.32,77366952,"MSFT"
2011-05-11,25.65,25.66,25.21,25.36,78604669,"MSFT"
2011-05-10,25.38,25.85,25.25,25.67,120806139,"MSFT"
2011-05-09,25.8,25.96,25.67,25.83,38696376,"MSFT"
2011-05-06,26.07,26.22,25.75,25.87,55993642,"MSFT"
2011-05-05,26.05,26.08,25.68,25.79,55626793,"MSFT"
2011-05-04,25.85,26.25,25.79,26.06,73292270,"MSFT"
2011-05-03,25.6,25.85,25.49,25.81,71909361,"MSFT"
2011-05-02,25.94,26,25.48,25.66,89834099,"MSFT"
2011-04-29,26.55,26.64,25.36,25.92,319317852,"MSFT"
2011-04-28,26.46,26.87,26.4,26.71,80158577,"MSFT"
2011-04-27,26.3,26.39,26.13,26.38,52688981,"MSFT"
2011-04-26,25.74,26.44,25.67,26.19,69199457,"MSFT"
2011-04-25,25.56,25.62,25.34,25.61,33525057,"MSFT"
2011-04-21,25.52,25.52,25.52,25.52,0,"MSFT"
2011-04-20,25.54,26,25.51,25.76,61608587,"MSFT"
2011-04-19,25,25.17,24.87,25.15,38892333,"MSFT"
2011-04-18,25.1,25.28,24.72,25.08,58046281,"MSFT"
2011-04-15,25.46,25.56,25.18,25.37,65080348,"MSFT"
2011-04-14,25.42,25.44,25.09,25.42,55245529,"MSFT"
2011-04-13,25.65,25.87,25.56,25.63,38144621,"MSFT"
2011-04-12,25.83,25.85,25.55,25.64,36936975,"MSFT"
2011-04-11,26.19,26.25,25.8,25.98,34286211,"MSFT"
2011-04-08,26.17,26.28,25.96,26.07,39890629,"MSFT"
2011-04-07,26.19,26.26,25.97,26.2,46134637,"MSFT"
2011-04-06,25.98,26.31,25.86,26.15,65589617,"MSFT"
2011-04-05,25.82,26.18,25.74,25.78,73693937,"MSFT"
2011-04-04,25.45,25.66,25.41,25.55,35441052,"MSFT"
2011-04-01,25.53,25.53,25.31,25.48,63114201,"MSFT"
2011-03-31,25.6,25.68,25.34,25.39,63281785,"MSFT"
2011-03-30,25.6,25.72,25.5,25.61,42000178,"MSFT"
2011-03-29,25.34,25.52,25.3,25.49,40772423,"MSFT"
2011-03-28,25.66,25.72,25.38,25.41,48975380,"MSFT"
2011-03-25,25.93,25.95,25.59,25.62,57031023,"MSFT"
2011-03-24,25.6,25.87,25.5,25.81,38696661,"MSFT"
2011-03-23,25.23,25.61,25.18,25.54,44018832,"MSFT"
2011-03-22,25.3,25.46,25.23,25.3,30903641,"MSFT"
2011-03-21,25.18,25.58,25.15,25.33,46895059,"MSFT"
2011-03-18,25.06,25.18,24.8,24.8,85486688,"MSFT"
2011-03-17,25.06,25.22,24.75,24.78,62506557,"MSFT"
2011-03-16,25.22,25.28,24.68,24.79,100718988,"MSFT"
2011-03-15,25.08,25.47,25,25.39,76047451,"MSFT"
2012-03-13,608.75,617.85,605.55,617.78,2223781,"GOOG"
2012-03-12,600,607,599.26,605.15,1669376,"GOOG"
2012-03-09,600.33,600.33,600.33,600.33,0,"GOOG"
2012-03-08,610.04,611.5,606.35,607.14,1345428,"GOOG"
2012-03-07,609.05,611.19,605.86,606.8,1264892,"GOOG"
2012-03-06,608.05,608.81,593.84,604.96,3175216,"GOOG"
2012-03-05,620.43,622.49,611.38,614.25,1593250,"GOOG"
2012-03-02,622,624,620.32,621.25,1573214,"GOOG"
2012-03-01,622.26,625.7,618.15,622.4,2238010,"GOOG"
2012-02-29,618.6,625.6,615.5,618.25,3136837,"GOOG"
2012-02-28,610,619.77,607.68,618.39,2847797,"GOOG"
2012-02-27,606.59,612.36,605.06,609.31,1814618,"GOOG"
2012-02-24,607.35,611.65,605.51,609.9,1937074,"GOOG"
2012-02-23,607,607.94,600.35,606.11,2055030,"GOOG"
2012-02-22,611.96,616.78,606.71,607.94,1967855,"GOOG"
2012-02-21,603.87,617.88,602.88,614,2481110,"GOOG"
2012-02-17,604.64,604.64,604.64,604.64,0,"GOOG"
2012-02-16,602.82,608.81,597.73,606.52,2530861,"GOOG"
2012-02-15,612.93,612.93,602.56,605.56,2426960,"GOOG"
2012-02-14,611.54,612,604.76,609.76,1803851,"GOOG"
2012-02-13,610.5,613.84,610.02,612.2,1816551,"GOOG"
2012-02-10,607.88,608.13,604,605.91,2325443,"GOOG"
2012-02-09,612.02,614.5,609,611.46,2265433,"GOOG"
2012-02-08,609.7,609.7,609.7,609.7,0,"GOOG"
2012-02-07,607.15,609.39,603.76,606.77,2092035,"GOOG"
2012-02-06,595.01,610.83,594.01,609.09,3679755,"GOOG"
2012-02-03,590.66,597.07,588.05,596.33,3169260,"GOOG"
2012-02-02,584.87,586.41,582.08,585.11,2414672,"GOOG"
2012-02-01,584.94,585.5,579.14,580.83,2320950,"GOOG"
2012-01-31,583,584,575.15,580.11,2142716,"GOOG"
2012-01-30,578.05,580,573.4,577.69,2330967,"GOOG"
2012-01-27,570.78,580.32,569.33,579.98,3618815,"GOOG"
2012-01-26,571.98,574.48,564.55,568.1,3228004,"GOOG"
2012-01-25,577.51,578.71,566.38,569.49,4988196,"GOOG"
2012-01-24,586.32,587.68,578,580.93,3056391,"GOOG"
2012-01-23,586,588.66,583.16,585.52,3413040,"GOOG"
2012-01-20,590.53,591,581.7,585.99,10576774,"GOOG"
2012-01-19,640.99,640.99,631.46,639.57,6305274,"GOOG"
2012-01-18,626.63,634,622.12,632.91,2763190,"GOOG"
2012-01-17,631.98,631.98,625.68,628.58,1909394,"GOOG"
2012-01-13,624.99,624.99,624.99,624.99,0,"GOOG"
2012-01-12,631.22,632.89,626.5,629.64,1875854,"GOOG"
2012-01-11,623.5,629.39,621.12,625.96,2400582,"GOOG"
2012-01-10,629.75,633.8,616.91,623.14,4395615,"GOOG"
2012-01-09,646.5,647,621.23,622.46,5825720,"GOOG"
2012-01-06,659.15,660,651.76,652.73,1524820,"GOOG"
2012-01-05,662.13,663.97,656.23,659.01,3283277,"GOOG"
2012-01-04,665.03,670.25,660.62,668.28,2864365,"GOOG"
2012-01-03,652.94,668.15,652.37,665.41,3677850,"GOOG"
2011-12-30,645.9,645.9,645.9,645.9,0,"GOOG"
2011-12-29,641.49,643,635.2,642.4,1575595,"GOOG"
2011-12-28,642.75,645,638.1,639.7,2127130,"GOOG"
2011-12-27,632.05,644.49,632,640.25,1609052,"GOOG"
2011-12-23,631.88,631.88,631.88,631.88,0,"GOOG"
2011-12-22,627.95,631.73,627.01,629.7,1824156,"GOOG"
2011-12-21,630.01,631.82,618.96,625.82,2498154,"GOOG"
2011-12-20,628,631.84,627.99,630.37,2388184,"GOOG"
2011-12-19,628.01,628.5,620,621.83,2144189,"GOOG"
2011-12-16,624.32,629.32,621.47,625.96,4459782,"GOOG"
2011-12-15,622.52,624,618.69,619.54,2409785,"GOOG"
2011-12-14,621.85,624.32,612.49,618.07,3904882,"GOOG"
2011-12-13,628.76,636.56,622.85,625.63,4028638,"GOOG"
2011-12-12,621.88,626.18,620.29,625.39,2185234,"GOOG"
2011-12-09,618,629.13,617.01,627.42,2768503,"GOOG"
2011-12-08,621.04,627.45,615.3,616.05,2414400,"GOOG"
2011-12-07,621.68,625.66,618.1,623.39,2257980,"GOOG"
2011-12-06,622.99,628.62,620.24,623.77,2326518,"GOOG"
2011-12-05,627.64,631.9,622.4,625.65,3198026,"GOOG"
2011-12-02,617.05,624,616.26,620.36,4085965,"GOOG"
2011-12-01,600,616,599,613.77,3621293,"GOOG"
2011-11-30,597.95,599.51,592.09,599.39,3397279,"GOOG"
2011-11-29,587.88,590.36,581.33,582.93,1832619,"GOOG"
2011-11-28,579.37,588.82,576.5,588.19,2828967,"GOOG"
2011-11-25,565.19,574.27,561.33,563,1562341,"GOOG"
2011-11-23,570.11,570.11,570.11,570.11,0,"GOOG"
2011-11-22,580,584.97,575.24,580,2405579,"GOOG"
2011-11-21,587.76,588.5,572.09,580.94,3001666,"GOOG"
2011-11-18,602,604.5,593.75,594.88,3287618,"GOOG"
2011-11-17,610.05,612.29,596.78,600.87,3493472,"GOOG"
2011-11-16,612.08,618.3,610.61,611.47,2610280,"GOOG"
2011-11-15,612.8,618.08,610.5,616.56,2675961,"GOOG"
2011-11-14,608,618.08,607.78,613,3188932,"GOOG"
2011-11-11,601.3,612.09,598.6,608.35,3977320,"GOOG"
2011-11-10,605.94,605.95,591.56,595.08,2868599,"GOOG"
2011-11-09,604.26,609.39,598.66,600.95,3711062,"GOOG"
2011-11-08,609,614.37,603.6,612.34,3029383,"GOOG"
2011-11-07,593.32,608.78,592.23,608.33,3358867,"GOOG"
2011-11-04,593.5,599.74,592.43,596.14,2835379,"GOOG"
2011-11-03,587,597.5,583.72,597.5,2669745,"GOOG"
2011-11-02,584.9,587.96,580.48,584.82,2121899,"GOOG"
2011-11-01,580.1,585.51,576.75,578.65,3125199,"GOOG"
2011-10-31,595.09,599.69,591.67,592.64,2557738,"GOOG"
2011-10-28,594.52,602.3,594.25,600.14,2508147,"GOOG"
2011-10-27,598.42,602.7,593.3,598.67,3780722,"GOOG"
2011-10-26,589.55,590.18,572.86,586.31,2873690,"GOOG"
2011-10-25,593.1,595,582.85,583.16,2540445,"GOOG"
2011-10-24,586.72,599.97,586.5,596.42,3427548,"GOOG"
2011-10-21,589.51,592.75,586.7,590.49,3394233,"GOOG"
2011-10-20,581.9,588.89,579.51,583.67,3379069,"GOOG"
2011-10-19,587.34,592.06,579.22,580.7,2931804,"GOOG"
2011-10-18,580.19,592.56,577.4,590.51,3802493,"GOOG"
2011-10-17,583.72,591.83,578,582.41,4008302,"GOOG"
2011-10-14,599.47,599.6,587.57,591.68,8532242,"GOOG"
2011-10-13,550.03,559,548.02,558.99,5687512,"GOOG"
2011-10-12,548.13,555.23,544.63,548.5,3178044,"GOOG"
2011-10-11,533.46,546.8,533.46,543.18,2853777,"GOOG"
2011-10-10,525.18,537.47,523.2,537.17,2322903,"GOOG"
2011-10-07,516.83,520.5,510.3,515.12,2856047,"GOOG"
2011-10-06,507.5,515.23,502.6,514.71,3424623,"GOOG"
2011-10-05,496.35,507.8,480.77,504.7,4534752,"GOOG"
2011-10-04,490.03,503.44,480.6,501.9,4159130,"GOOG"
2011-10-03,509.85,512,495,495.52,4473863,"GOOG"
2011-09-30,520.21,524,514.38,515.04,2724908,"GOOG"
2011-09-29,536.04,537.3,519.41,527.5,2907381,"GOOG"
2011-09-28,541.5,544.02,527.7,528.84,2263403,"GOOG"
2011-09-27,538.2,547.05,536.05,539.34,3010925,"GOOG"
2011-09-26,527.25,532.93,513.25,531.89,2634234,"GOOG"
2011-09-23,516.56,526.42,514.5,525.51,2778870,"GOOG"
2011-09-22,526.25,528.78,514,520.66,4400586,"GOOG"
2011-09-21,547.69,555,538.86,539.2,2516138,"GOOG"
2011-09-20,549.4,558.52,542.67,546.62,2779078,"GOOG"
2011-09-19,540.35,549.9,535.38,546.67,2471190,"GOOG"
2011-09-16,544.8,546.84,543.14,546.68,3534779,"GOOG"
2011-09-15,535.5,544.98,534.56,542.56,2961967,"GOOG"
2011-09-14,532.59,536.95,525.82,532.07,2694739,"GOOG"
2011-09-13,532,533.88,523.4,529.52,2354150,"GOOG"
2011-09-12,517.96,531.99,517.5,530.12,2670471,"GOOG"
2011-09-09,531.4,534.65,521.19,524.85,3269069,"GOOG"
2011-09-08,533.8,539.1,531.9,534.96,2381025,"GOOG"
2011-09-07,530.45,535.94,527.4,534.03,2758545,"GOOG"
2011-09-06,510.8,522.76,510.5,522.18,2715977,"GOOG"
2011-09-02,524.47,527.92,520.73,524.84,2402024,"GOOG"
2011-09-01,540.75,543.83,531.22,532.5,2415607,"GOOG"
2011-08-31,544.74,546.3,536,540.96,2693390,"GOOG"
2011-08-30,538.19,542.99,530.81,540.7,2990176,"GOOG"
2011-08-29,534.56,539.45,533.56,539.08,2338106,"GOOG"
2011-08-26,519.99,530.45,513.14,526.86,3597309,"GOOG"
2011-08-25,530.38,537.27,518.3,520.04,3297297,"GOOG"
2011-08-24,519.33,530,517.23,523.29,3598264,"GOOG"
2011-08-23,503.5,521.41,499.06,518.82,4347823,"GOOG"
2011-08-22,504,507,494.53,498.17,4907175,"GOOG"
2011-08-19,499.34,514.87,490.86,490.92,5411586,"GOOG"
2011-08-18,523.47,524.89,500.49,504.88,6291368,"GOOG"
2011-08-17,540.03,543.69,530.77,533.15,4079101,"GOOG"
2011-08-16,552.43,552.44,530.3,539,6940503,"GOOG"
2011-08-15,553.43,564.99,546.05,557.23,7145020,"GOOG"
2011-08-12,569.5,570.5,560.4,563.77,3155376,"GOOG"
2011-08-11,553.82,568.5,548.41,562.13,4832119,"GOOG"
2011-08-10,561.38,564.12,547.73,549.01,5373697,"GOOG"
2011-08-09,0,574.61,541.01,573.41,6470475,"GOOG"
2011-08-08,562.98,569,544.35,546.02,7497701,"GOOG"
2011-08-05,582.54,590,562,579.04,5930780,"GOOG"
2011-08-04,594.5,598.85,577.47,577.52,4916432,"GOOG"
2011-08-03,594.08,603,583.63,601.17,3825910,"GOOG"
2011-08-02,606,609.67,591.57,592.4,3201303,"GOOG"
2011-08-01,611.22,615.5,599.18,606.77,3968312,"GOOG"
2011-07-29,604.23,614.96,603.69,603.69,4138101,"GOOG"
2011-07-28,605.19,615.98,603,610.94,3109115,"GOOG"
2011-07-27,617.18,620.95,604.75,607.22,3934890,"GOOG"
2011-07-26,618.05,627.5,617.22,622.52,2343370,"GOOG"
2011-07-25,613.36,625.41,613,618.98,3131952,"GOOG"
2011-07-22,605.39,619.5,604.27,618.23,3531622,"GOOG"
2011-07-21,594.03,608.06,594.01,606.99,3469850,"GOOG"
2011-07-20,602.18,602.83,595.35,595.35,2229023,"GOOG"
2011-07-19,596.14,604.68,595.53,602.55,2967816,"GOOG"
2011-07-18,592.49,602.05,592,594.94,4469225,"GOOG"
2011-07-15,597.5,600.25,588.16,597.62,13735983,"GOOG"
2011-07-14,539.12,542,526.73,528.94,6649410,"GOOG"
2011-07-13,537,544,536.48,538.26,2790771,"GOOG"
2011-07-12,528.16,539.42,526,534.01,2841532,"GOOG"
2011-07-11,528.18,535.98,525.5,527.28,2839996,"GOOG"
2011-07-08,532.95,537.65,527.27,531.99,4770170,"GOOG"
2011-07-07,541,550.68,535.88,546.6,3935660,"GOOG"
2011-07-06,533.5,538.51,533.04,535.36,2695681,"GOOG"
2011-07-05,525.3,535.4,525.3,532.44,3847351,"GOOG"
2011-07-01,521.03,521.03,521.03,521.03,0,"GOOG"
2011-06-30,501.99,506.67,501.5,506.38,2428510,"GOOG"
2011-06-29,496.54,500.25,492.38,497.57,2342920,"GOOG"
2011-06-28,484.02,496.21,484.02,493.65,2717364,"GOOG"
2011-06-27,474,488.4,473.6,482.8,3444633,"GOOG"
2011-06-24,480.68,480.75,473.02,474.88,3806587,"GOOG"
2011-06-23,482.13,482.86,473.73,480.22,4802302,"GOOG"
2011-06-22,491.45,492.35,486.73,487,2407972,"GOOG"
2011-06-21,487.19,493.94,484.73,493,2765357,"GOOG"
2011-06-20,485,486.23,479.23,484.58,3028639,"GOOG"
2011-06-17,506.18,506.69,484.8,485.02,5251546,"GOOG"
2011-06-16,502.81,508.13,496.67,500.37,2757216,"GOOG"
2011-06-15,505.03,508.35,500.61,502.95,2073301,"GOOG"
2011-06-14,508.15,514.08,506.99,508.37,2341461,"GOOG"
2011-06-13,505,505,505,505,0,"GOOG"
2011-06-10,514.08,516.69,509.29,509.5,2440475,"GOOG"
2011-06-09,520,520,515.64,516.73,1689086,"GOOG"
2011-06-08,516.53,521.24,515.78,519.17,1654097,"GOOG"
2011-06-07,522.89,524.63,518.99,519.03,1907509,"GOOG"
2011-06-06,525.84,526.82,519.25,521.06,1942088,"GOOG"
2011-06-03,526.35,526.35,526.35,526.35,0,"GOOG"
2011-06-02,527.57,530.3,522.48,528.06,2204422,"GOOG"
2011-06-01,528.04,533.2,525.31,525.6,2957172,"GOOG"
2011-05-31,525,529.05,523.5,529.02,2687858,"GOOG"
2011-05-27,520.9,520.9,520.9,520.9,0,"GOOG"
2011-05-26,517.7,522.12,515,518.13,2118981,"GOOG"
2011-05-25,517.33,522.77,517.25,519.67,1301567,"GOOG"
2011-05-24,520.37,523.96,518.15,518.26,1888538,"GOOG"
2011-05-23,516.6,520,513.4,518.39,2252638,"GOOG"
2011-05-20,531.8,531.99,523.13,524.03,2318873,"GOOG"
2011-05-19,532.73,536.54,529.72,531.25,2471136,"GOOG"
2011-05-18,529.54,530.33,525.7,529.81,1954293,"GOOG"
2011-05-17,515.43,531.22,515.03,530.46,3304874,"GOOG"
2011-05-16,526.31,527.27,516.4,518.42,2956554,"GOOG"
2011-05-13,534.61,535.92,529.05,529.55,2107641,"GOOG"
2011-05-12,536.2,536.2,536.2,536.2,0,"GOOG"
2011-05-11,540.14,543.55,533.69,535.45,2338875,"GOOG"
2011-05-10,540,544.43,537.54,542.66,2041355,"GOOG"
2011-05-09,535,538.49,531.1,537.68,1947419,"GOOG"
2011-05-06,538.15,541.46,535.18,535.3,2056186,"GOOG"
2011-05-05,533.86,539.42,531.5,534.27,1997054,"GOOG"
2011-05-04,535.17,539,533.02,535.79,2116955,"GOOG"
2011-05-03,536.08,536.08,536.08,536.08,0,"GOOG"
2011-05-02,545.7,545.73,537.12,538.56,2133972,"GOOG"
2011-04-29,540,544.1,538.51,544.1,4228467,"GOOG"
2011-04-28,538.06,539.25,534.08,537.97,2037378,"GOOG"
2011-04-27,538,538.11,534.35,537.76,2297840,"GOOG"
2011-04-26,526.52,537.44,525.21,532.82,3530591,"GOOG"
2011-04-25,525.25,527,522.01,525.05,1629933,"GOOG"
2011-04-21,525.1,525.1,525.1,525.1,0,"GOOG"
2011-04-20,525.9,526.82,521.39,525.73,3059160,"GOOG"
2011-04-19,529.95,530.88,520.9,521.53,2685395,"GOOG"
2011-04-18,526.42,527.66,519,526.84,5041089,"GOOG"
2011-04-15,533.31,533.31,533.31,533.31,0,"GOOG"
2011-04-14,575.19,579.45,572.1,578.51,5456289,"GOOG"
2011-04-13,575.51,577.6,571.75,576.28,2071646,"GOOG"
2011-04-12,575,576.92,568.05,570.61,2085766,"GOOG"
2011-04-11,576.2,578.1,573,577.37,1858382,"GOOG"
2011-04-08,584.89,584.89,578.06,578.16,1902581,"GOOG"
2011-04-07,575.73,580.64,574.19,580,2531975,"GOOG"
2011-04-06,574.2,574.2,574.2,574.2,0,"GOOG"
2011-04-05,581.08,581.49,565.68,569.09,6048187,"GOOG"
2011-04-04,593,594.74,583.1,587.68,2054817,"GOOG"
2011-04-01,588.76,595.19,588.76,591.8,2613266,"GOOG"
2011-03-31,583,588.16,581.74,586.76,2031385,"GOOG"
2011-03-30,584.38,585.5,580.58,581.84,1422475,"GOOG"
2011-03-29,576,581.89,573.01,581.73,1605138,"GOOG"
2011-03-28,582.07,584.99,574.71,575.36,2218910,"GOOG"
2011-03-25,586.88,586.91,579.24,579.74,2859497,"GOOG"
2011-03-24,585.43,588.39,578.8,586.89,2097978,"GOOG"
2011-03-23,580.3,580.3,580.3,580.3,0,"GOOG"
2011-03-22,577.27,579.23,572.51,577.32,1887185,"GOOG"
2011-03-21,570.22,579.8,569.02,576.5,3022174,"GOOG"
2011-03-18,564.64,567.99,559.74,561.06,3302850,"GOOG"
2011-03-17,564.48,569,560.54,561.36,2899727,"GOOG"
2011-03-16,568.01,569.79,551.28,557.1,3800712,"GOOG"
2011-03-15,557.5,571,555.5,569.56,4006021,"GOOG"
2012-03-13,557.54,568.18,555.75,568.1,24458357,"AAPL"
2012-03-12,548.98,552,547,552,14545717,"AAPL"
2012-03-09,544.21,547.74,543.11,545.17,14960676,"AAPL"
2012-03-08,534.69,542.99,532.12,541.99,18444389,"AAPL"
2012-03-07,536.8,537.78,523.3,530.69,28518507,"AAPL"
2012-03-06,523.66,533.69,516.22,530.26,28937093,"AAPL"
2012-03-05,545.42,547.48,526,533.16,28897169,"AAPL"
2012-03-02,544.24,546.8,542.52,545.18,15418227,"AAPL"
2012-03-01,548.17,548.21,538.77,544.47,24401884,"AAPL"
2012-02-29,541.56,547.61,535.7,542.44,34000054,"AAPL"
2012-02-28,527.96,535.41,525.85,535.41,21442354,"AAPL"
2012-02-27,521.31,528.5,516.28,525.76,19556472,"AAPL"
2012-02-24,519.67,522.9,518.64,522.41,14831415,"AAPL"
2012-02-23,515.08,517.83,509.5,516.39,20286616,"AAPL"
2012-02-22,513.08,515.49,509.07,513.04,17260544,"AAPL"
2012-02-21,506.88,514.85,504.12,514.85,21628057,"AAPL"
2012-02-17,502.12,502.12,502.12,502.12,0,"AAPL"
2012-02-16,491.5,504.89,486.63,502.21,33733915,"AAPL"
2012-02-15,514.26,526.29,496.89,497.67,53789720,"AAPL"
2012-02-14,504.66,509.56,502,509.46,16497573,"AAPL"
2012-02-13,499.53,503.83,497.09,502.6,18471658,"AAPL"
2012-02-10,490.96,497.62,488.55,493.42,22546425,"AAPL"
2012-02-09,480.76,496.75,480.56,493.17,31579086,"AAPL"
2012-02-08,470.5,476.79,469.7,476.68,14567040,"AAPL"
2012-02-07,465.25,469.75,464.58,468.83,11293609,"AAPL"
2012-02-06,458.38,464.98,458.2,463.97,8917228,"AAPL"
2012-02-03,457.3,460,455.56,459.68,10245287,"AAPL"
2012-02-02,455.9,457.17,453.98,455.12,6671221,"AAPL"
2012-02-01,458.41,458.99,455.55,456.19,9644366,"AAPL"
2012-01-31,455.59,458.24,453.07,456.48,13996855,"AAPL"
2012-01-30,445.71,453.9,445.39,453.01,13547439,"AAPL"
2012-01-27,444.34,448.48,443.77,447.28,10710233,"AAPL"
2012-01-26,448.36,448.79,443.14,444.63,11579673,"AAPL"
2012-01-25,454.44,454.45,443.73,446.66,34223691,"AAPL"
2012-01-24,425.1,425.1,419.55,420.41,19558473,"AAPL"
2012-01-23,422.67,428.45,422.3,427.41,10930778,"AAPL"
2012-01-20,427.49,427.5,419.75,420.3,14784607,"AAPL"
2012-01-19,430.15,431.37,426.51,427.75,9347779,"AAPL"
2012-01-18,426.96,429.47,426.3,429.11,9885394,"AAPL"
2012-01-17,424.2,425.99,422.96,424.7,8674865,"AAPL"
2012-01-13,419.81,419.81,419.81,419.81,0,"AAPL"
2012-01-12,422.28,422.9,418.75,421.39,7597273,"AAPL"
2012-01-11,422.68,422.85,419.31,422.55,7685437,"AAPL"
2012-01-10,425.91,426,421.5,423.24,9225966,"AAPL"
2012-01-09,425.5,427.75,421.35,421.73,14072256,"AAPL"
2012-01-06,419.77,422.75,419.22,422.4,11370916,"AAPL"
2012-01-05,414.95,418.55,412.67,418.03,9688115,"AAPL"
2012-01-04,410,414.68,409.28,413.44,9294444,"AAPL"
2012-01-03,409.4,412.5,409,411.23,10794957,"AAPL"
2011-12-30,405,405,405,405,0,"AAPL"
2011-12-29,403.4,405.65,400.51,405.12,7719863,"AAPL"
2011-12-28,406.89,408.25,401.34,402.64,8173461,"AAPL"
2011-12-27,403.1,409.09,403.02,406.53,9472659,"AAPL"
2011-12-23,403.43,403.43,403.43,403.43,0,"AAPL"
2011-12-22,397,399.13,396.1,398.55,7227016,"AAPL"
2011-12-21,396.69,397.3,392.01,396.44,9390954,"AAPL"
2011-12-20,387.76,396.1,387.26,395.95,12050104,"AAPL"
2011-12-19,382.47,384.85,380.48,382.21,8411702,"AAPL"
2011-12-16,380.36,384.15,379.57,381.02,15056343,"AAPL"
2011-12-15,383.33,383.74,378.31,378.94,9158875,"AAPL"
2011-12-14,386.7,387.38,377.68,380.19,14541240,"AAPL"
2011-12-13,393,395.4,387.1,388.81,12112029,"AAPL"
2011-12-12,391.68,393.9,389.45,391.84,10752338,"AAPL"
2011-12-09,392.85,394.04,391.03,393.62,10612255,"AAPL"
2011-12-08,391.45,395.5,390.23,390.66,13441293,"AAPL"
2011-12-07,389.93,390.94,386.76,389.09,10892847,"AAPL"
2011-12-06,392.51,394.63,389.38,390.95,10135859,"AAPL"
2011-12-05,393.49,396.41,390.39,393.01,12763161,"AAPL"
2011-12-02,389.83,393.63,388.58,389.7,13545470,"AAPL"
2011-12-01,382.54,389,380.75,387.93,13827834,"AAPL"
2011-11-30,381.29,382.28,378.3,382.2,14502386,"AAPL"
2011-11-29,375.84,378.83,370.2,373.2,13429694,"AAPL"
2011-11-28,372.35,376.72,370.33,376.12,12380122,"AAPL"
2011-11-25,368.42,371.15,363.32,363.57,9098543,"AAPL"
2011-11-23,366.99,366.99,366.99,366.99,0,"AAPL"
2011-11-22,371.02,377.93,370.94,376.51,14617763,"AAPL"
2011-11-21,370.4,371.68,365.91,369.01,16007227,"AAPL"
2011-11-18,378.92,379.99,374.88,374.94,13288395,"AAPL"
2011-11-17,383.98,384.58,375.5,377.41,17147164,"AAPL"
2011-11-16,389.25,391.14,384.32,384.77,12471716,"AAPL"
2011-11-15,380.8,389.5,379.45,388.83,15392116,"AAPL"
2011-11-14,383.52,385.25,378.2,379.26,15466501,"AAPL"
2011-11-11,386.61,388.7,380.26,384.62,23349431,"AAPL"
2011-11-10,397.03,397.21,382.15,385.22,26606467,"AAPL"
2011-11-09,396.97,400.89,394.23,395.28,19952990,"AAPL"
2011-11-08,402.21,408,401.56,406.23,14301406,"AAPL"
2011-11-07,399.91,400,396.13,399.73,9652257,"AAPL"
2011-11-04,402.03,403.44,399.16,400.24,10793856,"AAPL"
2011-11-03,399.07,403.4,395.36,403.07,15768725,"AAPL"
2011-11-02,400.09,400.44,395.11,397.41,11723381,"AAPL"
2011-11-01,397.41,399.5,393.22,396.51,18992411,"AAPL"
2011-10-31,402.42,409.33,401.05,404.78,13772329,"AAPL"
2011-10-28,403,406.35,402.51,404.95,11529964,"AAPL"
2011-10-27,407.56,409,401.89,404.69,17673331,"AAPL"
2011-10-26,401.76,402.55,393.15,400.6,16296426,"AAPL"
2011-10-25,405.03,406.55,397.38,397.77,15378600,"AAPL"
2011-10-24,396.18,406.5,395.4,405.77,17941292,"AAPL"
2011-10-21,398.1,399.14,390.75,392.87,22187216,"AAPL"
2011-10-20,400,400.35,394.21,395.31,19626042,"AAPL"
2011-10-19,401.35,408.42,397.8,398.62,39428299,"AAPL"
2011-10-18,421.76,424.81,415.99,422.24,31485728,"AAPL"
2011-10-17,421.74,426.7,415.94,419.99,24501528,"AAPL"
2011-10-14,416.83,422,415.27,422,20477390,"AAPL"
2011-10-13,404.98,408.43,402.85,408.43,15220825,"AAPL"
2011-10-12,407.34,409.25,400.14,402.19,22224426,"AAPL"
2011-10-11,392.57,403.18,391.5,400.29,21631495,"AAPL"
2011-10-10,379.09,388.81,378.21,388.81,15804041,"AAPL"
2011-10-07,375.78,377.74,368.49,369.8,19129166,"AAPL"
2011-10-06,373.33,384.78,371.8,377.37,29020722,"AAPL"
2011-10-05,367.86,379.82,360.3,378.25,28088194,"AAPL"
2011-10-04,374.57,381.8,354.24,372.5,44059841,"AAPL"
2011-10-03,380.37,382.64,373.17,374.6,23895573,"AAPL"
2011-09-30,387.12,388.89,381.18,381.32,19579889,"AAPL"
2011-09-29,401.92,402.21,386.21,390.57,23263021,"AAPL"
2011-09-28,400.19,403.74,396.51,397.01,15351883,"AAPL"
2011-09-27,408.73,409.25,398.06,399.26,22589196,"AAPL"
2011-09-26,399.86,403.98,391.3,403.17,29031266,"AAPL"
2011-09-23,400.28,406.74,399.85,404.3,19517230,"AAPL"
2011-09-22,401.03,409.82,396.7,401.82,34588591,"AAPL"
2011-09-21,419.64,421.59,412,412.14,21641965,"AAPL"
2011-09-20,415.25,422.86,411.19,413.45,27705327,"AAPL"
2011-09-19,397,413.23,395.2,411.63,29423540,"AAPL"
2011-09-16,395.54,400.5,395.03,400.5,24946023,"AAPL"
2011-09-15,391.43,393.66,389.9,392.96,14922083,"AAPL"
2011-09-14,387.02,392.21,385.76,389.3,19097264,"AAPL"
2011-09-13,382.14,386.21,380.25,384.62,15740641,"AAPL"
2011-09-12,373,380.88,371.9,379.94,16708284,"AAPL"
2011-09-09,383.93,386,375.02,377.48,20181344,"AAPL"
2011-09-08,382.4,388.61,382.31,384.14,14862780,"AAPL"
2011-09-07,385.56,385.6,382,383.93,12520542,"AAPL"
2011-09-06,367.37,380.33,366.48,379.74,18203447,"AAPL"
2011-09-02,374.74,378,371.83,374.05,15684502,"AAPL"
2011-09-01,385.82,387.34,380.72,381.03,12275815,"AAPL"
2011-08-31,390.57,392.08,381.86,384.83,18669842,"AAPL"
2011-08-30,388.25,391.84,386.21,389.99,14925752,"AAPL"
2011-08-29,388.18,391.5,388,389.97,14473307,"AAPL"
2011-08-26,371.17,383.8,370.8,383.58,22909823,"AAPL"
2011-08-25,365.08,375.45,365,373.72,31117868,"AAPL"
2011-08-24,373.47,378.96,370.6,376.18,22366701,"AAPL"
2011-08-23,360.3,373.64,357,373.6,23458368,"AAPL"
2011-08-22,364.51,364.88,355.09,356.44,19118030,"AAPL"
2011-08-19,362.17,367,356,356.03,27710078,"AAPL"
2011-08-18,370.84,372.65,361.37,366.05,30408327,"AAPL"
2011-08-17,382.31,384.52,378,380.44,15787849,"AAPL"
2011-08-16,381.52,383.37,376.06,380.48,17817446,"AAPL"
2011-08-15,379.63,384.97,378.09,383.41,16447924,"AAPL"
2011-08-12,378.02,379.64,374.23,376.99,18891915,"AAPL"
2011-08-11,370.52,375.45,364.72,373.7,26498730,"AAPL"
2011-08-10,371.15,374.65,362.5,363.69,31380328,"AAPL"
2011-08-09,0,374.61,355,374.01,38663672,"AAPL"
2011-08-08,361.69,367.77,353.02,353.21,40850172,"AAPL"
2011-08-05,380.44,383.5,362.57,373.62,43020050,"AAPL"
2011-08-04,389.41,391.32,377.35,377.37,31121632,"AAPL"
2011-08-03,388.22,393.55,382.24,392.57,26160828,"AAPL"
2011-08-02,397.65,397.9,388.35,388.91,22840680,"AAPL"
2011-08-01,397.78,399.5,392.37,396.75,21886851,"AAPL"
2011-07-29,387.64,395.15,384,390.48,22592270,"AAPL"
2011-07-28,391.62,396.99,388.13,391.82,21215156,"AAPL"
2011-07-27,400.59,402.64,392.15,392.59,23547210,"AAPL"
2011-07-26,400,404.5,399.68,403.41,17020718,"AAPL"
2011-07-25,390.35,400,389.62,398.5,21064442,"AAPL"
2011-07-22,388.32,395.05,387.75,393.3,18454555,"AAPL"
2011-07-21,386.95,390.06,383.9,387.29,18804148,"AAPL"
2011-07-20,396.12,396.27,386,386.9,33618816,"AAPL"
2011-07-19,378,378.65,373.32,376.85,29255192,"AAPL"
2011-07-18,365.43,374.65,365.28,373.8,20451089,"AAPL"
2011-07-15,361.17,365,359.17,364.92,17302334,"AAPL"
2011-07-14,361.01,361.61,356.34,357.77,15376165,"AAPL"
2011-07-13,358.33,360,356.38,358.02,13987074,"AAPL"
2011-07-12,353.53,357.68,348.62,353.75,16128813,"AAPL"
2011-07-11,356.34,359.77,352.82,354,15816282,"AAPL"
2011-07-08,353.34,360,352.2,359.71,17497377,"AAPL"
2011-07-07,354.67,358,354,357.2,14273617,"AAPL"
2011-07-06,348.95,354.1,346.71,351.76,15879463,"AAPL"
2011-07-05,343,349.83,342.5,349.43,12688374,"AAPL"
2011-07-01,343.26,343.26,343.26,343.26,0,"AAPL"
2011-06-30,334.7,336.13,332.84,335.67,11543913,"AAPL"
2011-06-29,336.04,336.37,331.88,334.04,12597010,"AAPL"
2011-06-28,333.65,336.7,333.44,335.26,10510701,"AAPL"
2011-06-27,327.59,333.9,327.25,332.04,12141419,"AAPL"
2011-06-24,331.37,333.15,325.09,326.35,15711616,"AAPL"
2011-06-23,318.94,331.69,318.12,331.23,19991322,"AAPL"
2011-06-22,325.16,328.9,322.38,322.61,13949348,"AAPL"
2011-06-21,316.68,325.8,315.2,325.3,17620502,"AAPL"
2011-06-20,317.36,317.7,310.5,315.32,22880182,"AAPL"
2011-06-17,328.99,329.25,319.36,320.26,21981807,"AAPL"
2011-06-16,326.9,328.68,318.33,325.16,18235334,"AAPL"
2011-06-15,329.75,330.3,324.88,326.75,14264555,"AAPL"
2011-06-14,330,333.25,329.31,332.44,11948843,"AAPL"
2011-06-13,327.2,328.31,325.07,326.6,11773444,"AAPL"
2011-06-10,330.55,331.66,325.51,325.9,15504200,"AAPL"
2011-06-09,333.25,333.67,330.75,331.49,9834457,"AAPL"
2011-06-08,331.78,334.8,330.65,332.24,11924511,"AAPL"
2011-06-07,338.17,338.22,331.9,332.04,18927580,"AAPL"
2011-06-06,345.96,347.05,337.81,338.04,16497811,"AAPL"
2011-06-03,343.18,345.33,342.01,343.44,11194395,"AAPL"
2011-06-02,346.5,347.98,344.3,346.1,12103016,"AAPL"
2011-06-01,348.87,352.13,344.65,345.51,19810086,"AAPL"
2011-05-31,341.1,347.83,341,347.83,14919162,"AAPL"
2011-05-27,337.41,337.41,337.41,337.41,0,"AAPL"
2011-05-26,335.97,336.89,334.44,335,7953393,"AAPL"
2011-05-25,333.43,338.56,332.85,336.78,10507919,"AAPL"
2011-05-24,335.5,335.9,331.34,332.19,11502950,"AAPL"
2011-05-23,329.97,335.98,329.42,334.4,13661031,"AAPL"
2011-05-20,339.56,340.95,335.02,335.22,12078244,"AAPL"
2011-05-19,342.08,342.41,338.67,340.53,9327330,"AAPL"
2011-05-18,336.47,341.05,336,339.87,11956181,"AAPL"
2011-05-17,332,336.14,330.73,336.14,16170951,"AAPL"
2011-05-16,339.2,341.22,332.6,333.3,16076482,"AAPL"
2011-05-13,345.66,346.25,340.35,340.5,11649708,"AAPL"
2011-05-12,346.12,347.12,342.27,346.57,11462799,"AAPL"
2011-05-11,349.02,350,345.24,347.23,12002669,"AAPL"
2011-05-10,348.89,349.69,346.66,349.45,10074567,"AAPL"
2011-05-09,347.86,349.2,346.53,347.6,7312593,"AAPL"
2011-05-06,349.69,350,346.21,346.66,10008755,"AAPL"
2011-05-05,348.4,350.95,346.05,346.75,12009336,"AAPL"
2011-05-04,348.26,351.83,321.87,349.57,13901747,"AAPL"
2011-05-03,347.99,349.89,345.62,348.2,11198607,"AAPL"
2011-05-02,349.74,350.47,345.5,346.28,15811178,"AAPL"
2011-04-29,346.78,353.95,346.67,350.13,35940847,"AAPL"
2011-04-28,346.19,349.75,345.52,346.75,12899589,"AAPL"
2011-04-27,352.24,352.35,347.1,350.15,12721841,"AAPL"
2011-04-26,353.62,354.99,349.35,350.42,12057235,"AAPL"
2011-04-25,350.34,353.75,350.3,353.01,9519470,"AAPL"
2011-04-21,350.7,350.7,350.7,350.7,0,"AAPL"
2011-04-20,343.51,345.75,341.5,342.41,25023406,"AAPL"
2011-04-19,333.1,337.98,331.71,337.86,14977749,"AAPL"
2011-04-18,326.1,332.23,320.16,331.85,21782061,"AAPL"
2011-04-15,333.3,333.64,326.8,327.46,16208321,"AAPL"
2011-04-14,334.8,336,332.06,332.42,10785343,"AAPL"
2011-04-13,335.02,336.14,332.52,336.13,12372709,"AAPL"
2011-04-12,330.49,333.73,330.2,332.4,15232440,"AAPL"
2011-04-11,334.06,335.67,330.02,330.8,14255374,"AAPL"
2011-04-08,339.92,340.15,333.95,335.06,13483331,"AAPL"
2011-04-07,338.1,340.43,336.03,338.08,13337360,"AAPL"
2011-04-06,341.22,343.9,337.14,338.04,14376383,"AAPL"
2011-04-05,336.99,342.25,336,338.89,17248687,"AAPL"
2011-04-04,344.31,344.6,338.4,341.19,16431506,"AAPL"
2011-04-01,351.11,351.59,343.3,344.56,14952200,"AAPL"
2011-03-31,346.36,349.8,346.06,348.51,9798858,"AAPL"
2011-03-30,350.64,350.88,347.44,348.63,11764467,"AAPL"
2011-03-29,347.66,350.96,346.06,350.96,12603565,"AAPL"
2011-03-28,353.15,354.32,350.44,350.44,11048201,"AAPL"
2011-03-25,348.07,352.06,347.02,351.54,16041828,"AAPL"
2011-03-24,341.85,346,338.86,344.97,14453960,"AAPL"
2011-03-23,339.28,340.22,335.95,339.19,13321214,"AAPL"
2011-03-22,342.56,342.62,339.14,341.2,11651166,"AAPL"
2011-03-21,335.99,339.74,335.26,339.3,14621080,"AAPL"
2011-03-18,337.13,338.2,330,330.67,26900372,"AAPL"
2011-03-17,336.83,339.61,330.66,334.64,23550711,"AAPL"
2011-03-16,342,343,326.26,330.01,41312518,"AAPL"
2011-03-15,342.1,347.84,340.1,345.43,25735619,"AAPL"
